idx,stamp_sec,x,y,yaw,frame_id,gps_lat,gps_lon,gps_status,gps_odom_x,gps_odom_y,cov_xx,cov_yy,odom_vx,odom_vy,odom_vyaw,imu_wz,imu_ax,imu_ay,imu_yaw,odom_x,odom_y,odom_yaw
0,501.88000000,19.75102151,-19.00603257,-1.19045054,map,37.56633068,126.97822260,0,19.75102344,-19.00604320,0.08000000,0.08000000,0.00000000,0.00000000,0.00000000,0.00035463,-0.02142906,0.01834786,-1.19970136,19.74620015,-19.01105994,-1.19970162
1,511.08000000,19.94681118,-19.48239744,-1.18965714,map,37.56632701,126.97822451,0,19.91902113,-19.41411115,0.08114196,0.08018913,0.89548592,0.00545135,0.01529422,0.01502716,-0.00299531,0.02048219,-1.20055856,19.93052896,-19.48915191,-1.20055856
2,511.66000000,20.12878801,-19.98711021,-1.21028337,map,37.56632232,126.97822667,0,20.10860374,-19.93437337,0.06001289,0.06000189,0.95919448,0.00516096,0.01449064,0.01449410,-0.02915074,0.03102449,-1.19202728,20.13287586,-19.99559067,-1.19202728
3,512.16000000,20.31986775,-20.47893058,-1.19268272,map,37.56631876,126.97822836,0,20.25997198,-20.32929576,0.16008109,0.16001299,0.95948080,0.00315422,0.00885497,0.00893288,0.00626467,0.00142559,-1.18609265,20.32728925,-20.47374136,-1.18609265
4,512.82000000,20.52199858,-20.94645465,-1.18139683,map,37.56631330,126.97823126,0,20.51727923,-20.93494723,0.02000041,0.02000007,0.61366188,-0.00046224,-0.00137635,-0.00146726,-1.12116388,-0.02701123,-1.18421989,20.52089883,-20.94808458,-1.18421989
5,546.36000000,20.71961921,-21.42843164,-1.19318689,map,37.56630959,126.97823320,0,20.68778808,-21.34634099,0.16224111,0.16033696,0.63883084,-0.00542228,-0.01517421,-0.01541849,-0.02009481,-0.01817629,-1.19109927,20.71395573,-21.43187054,-1.19109927
6,546.92000000,20.92262389,-21.92172720,-1.19930976,map,37.56630561,126.97823531,0,20.87185085,-21.78919539,0.12527973,0.12077488,1.24730740,-0.00879147,-0.02476244,-0.02597338,0.00126609,-0.08757007,-1.20208080,20.90465145,-21.92846844,-1.20208080
7,547.28000000,21.08385274,-22.41266775,-1.22245463,map,37.56630107,126.97823717,0,21.04091983,-22.29150737,0.08006925,0.08000869,1.64974068,-0.01610620,-0.04557543,-0.04591761,0.02739919,-0.09567930,-1.21485613,21.08810856,-22.42468834,-1.21485613
8,547.56000000,21.25882218,-22.90714547,-1.23677742,map,37.56629809,126.97823867,0,21.16301049,-22.62571870,0.16031384,0.16003634,1.92735475,-0.02052904,-0.05827327,-0.06097874,2.54245488,-0.17355150,-1.22946090,21.25696513,-22.90435068,-1.22946090
9,547.82000000,21.41897733,-23.40392768,-1.24703455,map,37.56629146,126.97824145,0,21.40600573,-23.36308085,0.02000514,0.02000052,2.14312125,-0.03837300,-0.10919320,-0.11212122,0.45175309,-0.32502791,-1.25154555,21.42558635,-23.41818481,-1.25154555
10,548.06000000,21.57506218,-23.91726167,-1.27571765,map,37.56628760,126.97824304,0,21.53979998,-23.79362308,0.06004822,0.06000392,2.14237774,-0.04594850,-0.13074732,-0.13277575,-0.18055433,-0.33368892,-1.28120696,21.56993888,-23.91211072,-1.28120696
11,548.32000000,21.70979580,-24.43589378,-1.30471670,map,37.56628406,126.97824431,0,21.64645231,-24.18830454,0.12020441,0.12001335,2.12634390,-0.05341433,-0.15633580,-0.15649517,0.41147957,-0.39730247,-1.31902439,21.70550400,-24.44952776,-1.31902439
12,548.56000000,21.82564750,-24.94566737,-1.33755947,map,37.56628024,126.97824555,0,21.75132958,-24.61335168,0.16038061,0.16001932,2.12822686,-0.05451946,-0.15493994,-0.15466939,1.19868019,-0.17942677,-1.35653178,21.81048549,-24.94945846,-1.35653178
13,548.82000000,21.91683565,-25.49032448,-1.37466204,map,37.56627274,126.97824748,0,21.90950664,-25.44825600,0.02000533,0.02000016,2.13681157,-0.05359608,-0.15249800,-0.15222205,-0.05150605,-0.29579084,-1.39648651,21.90342872,-25.49566878,-1.39648651
14,549.06000000,21.97332945,-25.99673654,-1.41445615,map,37.56626895,126.97824808,0,21.95597195,-25.86992982,0.06005062,0.06000135,2.12935329,-0.05303232,-0.15142877,-0.15168570,-0.02298454,-0.32781216,-1.43288461,21.97023032,-26.00333651,-1.43288461
15,549.32000000,22.02676364,-26.55690541,-1.45789468,map,37.56626507,126.97824869,0,22.00197006,-26.30239031,0.12021423,0.12000243,2.12930240,-0.05233817,-0.14890661,-0.14858122,0.00577612,-0.29038502,-1.47205649,22.02174925,-26.55483508,-1.47205649
16,549.58000000,22.07035648,-27.09691467,-1.48787892,map,37.56626138,126.97824924,0,22.04254500,-26.71266520,0.18051847,0.18000268,2.14252906,-0.04901286,-0.13946741,-0.13824644,0.33957732,-0.25359461,-1.50941796,22.05287165,-27.11061530,-1.50941796
17,549.82000000,22.08252116,-27.62661828,-1.51623005,map,37.56625354,126.97824978,0,22.08082400,-27.58358429,0.02000558,0.02000001,2.15540129,-0.03398871,-0.09672963,-0.09056662,0.12686649,-0.09353556,-1.53843033,22.06618681,-27.62558039,-1.53843033
18,550.06000000,22.06918922,-28.15122181,-1.54386291,map,37.56624961,126.97824967,0,22.06663830,-28.02032420,0.06005359,0.06000002,2.18043130,-0.01911828,-0.05437511,-0.05284908,-0.05612773,-0.07224135,-1.55447599,22.07278975,-28.14681770,-1.55447599
19,550.32000000,22.07783813,-28.71081490,-1.56125445,map,37.56624575,126.97824983,0,22.07633642,-28.44799876,0.12022964,0.12000001,2.18711922,-0.01154298,-0.03286246,-0.03143045,-0.01168995,-0.03665790,-1.56530567,22.07485723,-28.71466073,-1.56530567
20,550.56000000,22.08598678,-29.23524669,-1.55992367,map,37.56624182,126.97824994,0,22.08295646,-28.88521615,0.16042364,0.16000003,2.18924642,-0.00946911,-0.02695912,-0.02696066,0.02470315,-0.06805934,-1.57209345,22.07349902,-29.23975698,-1.57209345
21,550.82000000,22.06612444,-29.81874860,-1.57723348,map,37.56623380,126.97824977,0,22.06662720,-29.77511546,0.02000575,0.02000000,2.18191766,-0.01193884,-0.03398721,-0.03388662,0.01487805,-0.04045168,-1.58006541,22.06776498,-29.80813082,-1.58006541
22,551.06000000,22.06148094,-30.35496558,-1.58334050,map,37.56622976,126.97824977,0,22.06344316,-30.22351470,0.06005411,0.06000001,2.19284438,-0.00532175,-0.01510814,-0.01184935,0.12173906,0.03139805,-1.58621661,22.05885727,-30.33309582,-1.58621661
23,551.32000000,22.05404034,-30.90620923,-1.58157528,map,37.56622598,126.97824970,0,22.05684586,-30.64241229,0.12023144,0.12000003,2.19805764,0.00082439,0.00235991,0.00284823,-0.00890490,-0.00146360,-1.58652567,22.04969454,-30.90470748,-1.58652567
24,551.56000000,22.04121582,-31.43259693,-1.58492936,map,37.56622203,126.97824957,0,22.04609164,-31.08081563,0.16042621,0.16000049,2.20075131,0.00055560,0.00158189,0.00110457,0.02498137,0.00588964,-1.58589426,22.04179663,-31.43244453,-1.58589426
25,551.82000000,22.03436911,-32.00053175,-1.58292405,map,37.56621414,126.97824945,0,22.03487602,-31.95656751,0.02000583,0.02000000,2.19853960,0.00123408,0.00351516,0.00408857,0.02312403,0.02783003,-1.58522862,22.03356310,-32.00413768,-1.58522862
26,552.06000000,22.02774726,-32.55521752,-1.58396266,map,37.56620993,126.97824937,0,22.02902707,-32.42385456,0.06005402,0.06000001,2.18725291,0.01069718,0.03046296,0.03378966,-0.07520570,0.14643536,-1.58111559,22.02820561,-32.52990598,-1.58111559
27,552.32000000,22.01416259,-33.09525106,-1.57828334,map,37.56620623,126.97824920,0,22.01467089,-32.83439749,0.12022629,0.12000000,2.17541182,0.01870420,0.05324016,0.05237744,0.02262012,0.09306772,-1.56820248,22.03038837,-33.09543815,-1.56820248
28,552.56000000,22.03159137,-33.61714289,-1.56660439,map,37.56620233,126.97824935,0,22.02884436,-33.26795101,0.16042164,0.16000003,2.18490385,0.01377446,0.03921494,0.03802986,0.00985399,0.07990801,-1.55740843,22.03856591,-33.61898466,-1.55740843
29,552.82000000,22.05509440,-34.18924440,-1.55399088,map,37.56619442,126.97824961,0,22.05425975,-34.14542438,0.02000622,0.02000041,2.19099251,0.00467778,0.01307924,0.01009465,0.08926057,-0.03548946,-1.55010174,22.05121701,-34.18777491,-1.55010174
30,553.06000000,22.06065686,-34.70781779,-1.54506406,map,37.56619054,126.97824962,0,22.05728065,-34.57593627,0.06005431,0.06000004,2.19830515,-0.00052327,-0.00151564,-0.00034627,-0.02913029,-0.01249565,-1.54972982,22.06247213,-34.71494780,-1.54972982
31,553.32000000,22.08269691,-35.28462736,-1.54576600,map,37.56618653,126.97824981,0,22.07584503,-35.02137286,0.12023024,0.12000016,2.19200086,0.00460125,0.01310022,0.01374295,0.00735673,0.02944486,-1.54803221,22.07538719,-35.28574868,-1.54803221
32,553.56000000,22.09527845,-35.81292440,-1.54191652,map,37.56618256,126.97824991,0,22.08479093,-35.46188917,0.16042597,0.16000038,2.19716626,0.00298045,0.00848611,0.00792305,-0.01355795,-0.01140062,-1.54529154,22.08914382,-35.81229604,-1.54529154
33,553.78000000,22.10269675,-36.31573516,-1.54520218,map,37.56617843,126.97824999,0,22.09237856,-35.92027907,0.18055106,0.18000038,2.19830116,0.00149805,0.00426112,0.00430911,-0.00424320,-0.00055784,-1.54397627,22.10230066,-36.29562148,-1.54397627
34,554.02000000,22.11275836,-36.81685523,-1.55035441,map,37.56617075,126.97825024,0,22.11190892,-36.77305057,0.02000580,0.02000000,2.18667954,-0.00252159,-0.00717862,-0.00950124,0.04860855,-0.04945838,-1.54403775,22.11653424,-36.82231523,-1.54403775
35,554.26000000,22.13348243,-37.33476665,-1.54148813,map,37.56616687,126.97825045,0,22.13011166,-37.20365210,0.06005383,0.06000004,2.18373877,-0.01025536,-0.02920775,-0.03040479,0.04527687,-0.10382907,-1.54920123,22.12761777,-37.34746983,-1.54920123
36,554.52000000,22.13390171,-37.91640610,-1.55300297,map,37.56616280,126.97825043,0,22.13020447,-37.65451858,0.12022811,0.12000005,2.18307346,-0.01361820,-0.03873611,-0.03971752,0.06989360,-0.08033743,-1.55842099,22.13408349,-37.91493647,-1.55842099
37,554.76000000,22.13429624,-38.43017512,-1.56704470,map,37.56615896,126.97825050,0,22.13424082,-38.08118992,0.16042115,0.16000000,2.18162589,-0.01673283,-0.04763498,-0.04874471,-0.11560666,-0.10875854,-1.56904560,22.13407875,-38.43865876,-1.56904560
38,555.02000000,22.11275694,-38.99206942,-1.58357459,map,37.56615114,126.97825033,0,22.11367265,-38.94858837,0.02000571,0.02000000,2.17432963,-0.01898869,-0.05405217,-0.05451339,0.01191245,-0.09576019,-1.58247182,22.12656492,-39.00416763,-1.58247182
39,555.26000000,22.11332780,-39.52534903,-1.58976541,map,37.56614713,126.97825040,0,22.11661581,-39.39432894,0.06005376,0.06000003,2.18260943,-0.01550657,-0.04414284,-0.04291781,0.04840150,-0.05585001,-1.59445334,22.11293500,-39.52713619,-1.59445334
40,555.52000000,22.08736271,-40.10290290,-1.59490854,map,37.56614311,126.97825015,0,22.09427051,-39.84016462,0.12022964,0.12000016,2.19844369,-0.00387688,-0.01100408,-0.00850907,-0.23665360,0.02057318,-1.60149765,22.09452414,-40.09587920,-1.60149765
41,555.76000000,22.08532596,-40.62600566,-1.59519906,map,37.56613920,126.97825015,0,22.09388893,-40.27455200,0.16042714,0.16000025,2.19785360,0.00158763,0.00452097,0.00457098,-0.01543864,0.00503627,-1.60132805,22.07832553,-40.62283246,-1.60132805
42,556.02000000,22.05975034,-41.18507486,-1.59958023,map,37.56613139,126.97824977,0,22.06081418,-41.14132433,0.02000578,0.02000000,2.18815134,0.01074366,0.03059144,0.03224628,-0.02049815,0.09634619,-1.59662599,22.06359198,-41.19227899,-1.59662599
43,556.26000000,22.05047589,-41.70439117,-1.58829821,map,37.56612749,126.97824966,0,22.05194145,-41.57372463,0.06005347,0.06000001,2.17715555,0.01689840,0.04810367,0.04786354,0.00150396,0.10246726,-1.58630678,22.05627118,-41.71559857,-1.58630678
44,556.52000000,22.05127299,-42.27308717,-1.57722435,map,37.56612354,126.97824963,0,22.05172243,-42.01176498,0.12022712,0.12000000,2.17715122,0.01663981,0.04738386,0.04774866,0.39032984,0.11644833,-1.57412583,22.05527287,-42.28188084,-1.57412583
45,556.76000000,22.05477070,-42.80898307,-1.56650177,map,37.56611951,126.97824961,0,22.05189801,-42.46011489,0.16042084,0.16000003,2.18097644,0.01728359,0.04920209,0.04897854,0.00326319,0.11535743,-1.56241719,22.06074470,-42.80512250,-1.56241719
46,557.02000000,22.06543766,-43.38500150,-1.55389900,map,37.56611156,126.97824969,0,22.06439090,-43.34143414,0.02000573,0.02000000,2.17726614,0.01640550,0.04670053,0.04751277,0.01708575,0.13645761,-1.55031917,22.07326242,-43.37143898,-1.55031917
47,557.28000000,22.09798692,-43.92670602,-1.54429490,map,37.56610786,126.97824999,0,22.09216656,-43.75273770,0.08009671,0.08000011,2.17346254,0.02041863,0.05815382,0.05845893,0.02937686,0.13103122,-1.53634855,22.09361817,-43.93689987,-1.53634855
48,557.52000000,22.11163147,-44.46222617,-1.52949153,map,37.56610381,126.97825006,0,22.09943741,-44.20143630,0.12022622,0.12000050,2.17754735,0.01798099,0.05118561,0.05063662,0.01419443,0.09125651,-1.52321425,22.11979767,-44.45842091,-1.52321425
49,557.76000000,22.15389839,-44.97843369,-1.51903761,map,37.56609995,126.97825042,0,22.13453307,-44.63020475,0.16041940,0.16000130,2.18415152,0.01432635,0.04083120,0.03980044,-0.14722580,0.08451779,-1.51212117,22.15165582,-44.98065627,-1.51212117
50,558.02000000,22.17585536,-45.53509448,-1.51518688,map,37.56609219,126.97825081,0,22.17325671,-45.49140091,0.02000577,0.02000002,2.18886374,0.00827214,0.02345473,0.02143926,0.08965907,-0.01127117,-1.50364006,22.19062308,-45.54784024,-1.50364006
51,558.26000000,22.22137300,-46.07254021,-1.51305974,map,37.56608814,126.97825129,0,22.21372513,-45.94078890,0.06005436,0.06000018,2.19732504,0.00003487,-0.00001728,-0.00069564,-0.00252093,0.00032042,-1.50178555,22.22739409,-46.07385798,-1.50178555
52,558.52000000,22.26493065,-46.65013206,-1.50330315,map,37.56608412,126.97825167,0,22.24728437,-46.38705933,0.12023018,0.12000104,2.19782647,-0.00160826,-0.00457909,-0.00422886,0.00522858,0.02986172,-1.50277770,22.26621349,-46.64388604,-1.50277770
53,558.76000000,22.28861682,-47.18091320,-1.50801865,map,37.56608013,126.97825186,0,22.26656933,-46.82955566,0.16042686,0.16000168,2.19980615,-0.00017711,-0.00050449,-0.00036243,0.00868649,-0.00079293,-1.50321545,22.30178835,-47.17076789,-1.50321545
54,559.02000000,22.33376015,-47.73205274,-1.50088639,map,37.56607240,126.97825259,0,22.33065413,-47.68822054,0.02000580,0.02000003,2.19496439,0.00213994,0.00609279,0.00742532,0.02962047,0.02893335,-1.50279316,22.34057566,-47.74116217,-1.50279316
55,559.26000000,22.37505029,-48.28737044,-1.50321679,map,37.56606818,126.97825297,0,22.36578755,-48.15635244,0.06005375,0.06000027,2.18837505,0.00916165,0.02672515,0.02873651,-0.15106917,0.13843261,-1.49867600,22.37860439,-48.26559037,-1.49867600
56,559.52000000,22.40629614,-48.82440287,-1.49710975,map,37.56606451,126.97825320,0,22.38579794,-48.56354400,0.12022631,0.12000140,2.17863408,0.01804367,0.05136508,0.05227040,-0.05334699,0.12388530,-1.48750408,22.42626912,-48.83022793,-1.48750408
57,559.76000000,22.47756444,-49.34362889,-1.47867169,map,37.56606060,126.97825384,0,22.44394390,-48.99715861,0.16041503,0.16000392,2.17257570,0.02044617,0.05782130,0.05804441,0.06863320,0.12242838,-1.47412715,22.47786902,-49.34982187,-1.47412715
58,560.02000000,22.52798965,-49.90529576,-1.47239337,map,37.56605279,126.97825467,0,22.52360454,-49.86382293,0.02000520,0.02000006,2.09650946,0.01536015,0.04370082,0.04241963,0.03513812,0.06850294,-1.46072078,22.54032956,-49.90387200,-1.46072078
59,560.28000000,22.60350249,-50.41778854,-1.45524671,map,37.56604922,126.97825536,0,22.58455048,-50.26007852,0.08007946,0.08000115,1.95611389,0.00982868,0.02781493,0.02761191,0.06487821,0.07712617,-1.45218180,22.60333179,-50.42454626,-1.45218180
60,560.56000000,22.66926744,-50.94173408,-1.44288887,map,37.56604571,126.97825585,0,22.63074049,-50.64881239,0.16029624,0.16000513,1.80933976,0.00795299,0.02254505,0.02190805,0.01063843,0.05224001,-1.44500741,22.66969398,-50.94364228,-1.44500741
61,560.86000000,22.73863930,-51.45055822,-1.43939394,map,37.56603937,126.97825689,0,22.72540082,-51.35170776,0.06003061,0.06000055,1.65568312,0.00337773,0.00955788,0.01273286,0.09776704,0.07597301,-1.44120570,22.73699781,-51.45592070,-1.44120570
62,561.18000000,22.80244416,-51.96268554,-1.42810588,map,37.56603632,126.97825727,0,22.75983568,-51.69082393,0.18026012,0.18000651,1.49372405,0.07244376,0.23006741,0.24725703,-0.16871934,0.75902634,-1.41211709,22.81461629,-51.94631813,-1.41211709
63,561.56000000,22.91836874,-52.46432888,-1.36477986,map,37.56603118,126.97825836,0,22.86942316,-52.25898532,0.16014569,0.16000828,1.26917114,0.02789477,0.07866029,0.05991960,-0.31386161,-0.25351970,-1.34201641,22.94111669,-52.44822601,-1.34201641
64,562.02000000,23.03582673,-52.96029636,-1.36781897,map,37.56602504,126.97826023,0,23.03281684,-52.94017619,0.02000127,0.02000003,1.00348990,-0.05480508,-0.15090162,-0.13937253,-0.28298282,0.03448607,-1.39337861,23.03369902,-52.96156717,-1.39337861
65,562.62000000,23.09280324,-53.46348580,-1.42115102,map,37.56602046,126.97826094,0,23.09080080,-53.44996968,0.02000060,0.02000001,0.67301790,-0.00179468,-0.00502242,-0.00421897,-0.06766493,-0.01709491,-1.42237290,23.10100851,-53.45285625,-1.42237290
